mean_fit_time,std_fit_time,mean_score_time,std_score_time,param_lasso__alpha,params,split0_test_score,split1_test_score,split2_test_score,split3_test_score,split4_test_score,split5_test_score,split6_test_score,split7_test_score,mean_test_score,std_test_score,rank_test_score,split0_train_score,split1_train_score,split2_train_score,split3_train_score,split4_train_score,split5_train_score,split6_train_score,split7_train_score,mean_train_score,std_train_score
45.02286368608475,37.16483260027786,0.3847630023956299,0.07726284044083749,0.01,{'lasso__alpha': 0.01},-1.008003214056208,-0.8912192031038079,-0.9364863937255171,-0.9227326577001639,-0.8839838932863413,-0.9754215926055084,-1.024423237979109,-0.8755421058553539,-0.9397265372890011,0.05360562961880219,1,-0.7399013372352499,-0.7972226711302911,-0.8075809677836379,-0.8291705556858677,-0.8427442604356333,-0.8483968962531292,-0.8683876353750227,-0.8957493318967725,-0.8286442069744506,0.04469083388368081
244.85195609927177,565.894586069085,0.38631588220596313,0.08052860882658704,0.02,{'lasso__alpha': 0.02},-1.130688630283893,-1.0260467311599515,-1.0856953714318647,-1.0776860426568213,-1.0144093864241848,-1.0798916725374983,-1.1097338237453518,-0.940838775273412,-1.0581238041891223,0.05727306045786751,2,-0.9008111206462546,-0.9555028810542334,-0.9712878830407472,-0.9839431420676249,-0.9954019192338617,-0.999034942424223,-1.0117377629227537,-1.0337668571864886,-0.9814358135720234,0.037821377871097045
19.548962742090225,25.0254651444911,0.42439645528793335,0.11313578473414966,0.03,{'lasso__alpha': 0.03},-1.246753434253527,-1.1454149060615415,-1.216215580221778,-1.2175356015133396,-1.13879847111699,-1.20287981479375,-1.2018415252555847,-1.0125496713141877,-1.1727486255663373,0.06954287939779807,3,-1.0376616510011534,-1.0929264073262002,-1.1065330436026357,-1.1205286915595614,-1.1334622862897554,-1.1335793122018691,-1.1439824816051956,-1.1606417399692057,-1.116164451694447,0.035652965239152554
2375.7797997295856,6271.279214488565,0.4849298596382141,0.20875742986391782,0.04,{'lasso__alpha': 0.04},-1.3636251472683003,-1.2668065967225572,-1.3415010578616966,-1.3473510322953393,-1.2699921462843715,-1.3234867823620537,-1.3065185550719667,-1.1064802114778334,-1.2907201911680148,0.07694965965949092,4,-1.1665228905197385,-1.226845626995857,-1.235162870936095,-1.252003020732441,-1.2650875022253776,-1.2656689273822428,-1.2746916962444235,-1.290872427380195,-1.2471068703020463,0.03608172474363171
7.327028751373291,8.05027023812552,0.3890742361545563,0.06470469726806609,0.05,{'lasso__alpha': 0.05},-1.458140677896641,-1.372406282707831,-1.453913780851175,-1.45587760599728,-1.3741733774521527,-1.4243483825839287,-1.3945659985315395,-1.1873839329152438,-1.3901012548669738,0.08357769705302603,5,-1.2727744112309307,-1.3408141767105155,-1.3494901957382144,-1.360569081766888,-1.3733440848757805,-1.375999693142672,-1.3866935815393127,-1.3958894834385498,-1.356946838555358,0.03613734517666894
4.118916600942612,2.7354812810921576,0.3672746419906616,0.07741708710818151,0.060000000000000005,{'lasso__alpha': 0.060000000000000005},-1.532172276562274,-1.4521985367255532,-1.5285237631223223,-1.5375144006633965,-1.4565849619476585,-1.5019067326413607,-1.4585161472879884,-1.2481282930523894,-1.4644431390003678,0.08837096216516731,6,-1.355093922544785,-1.4236544517790108,-1.4275344157856353,-1.4436631036281486,-1.4584025698384349,-1.459521463177641,-1.4659951090447252,-1.471948448585465,-1.4382266855479808,0.03541903101234109
4.314537674188614,3.3395623249491018,0.34920239448547363,0.08475794410224671,0.06999999999999999,{'lasso__alpha': 0.06999999999999999},-1.588459146941612,-1.521693381161643,-1.5880263864754336,-1.599465906158795,-1.5181517172996286,-1.5617824232263877,-1.5142911608399836,-1.2983429389435925,-1.5237766326308844,0.09112592167323628,7,-1.4169589143718493,-1.490994029421018,-1.4889663398195594,-1.5069517149850353,-1.5214194798065852,-1.5235712297053712,-1.5306097785161081,-1.5339105415320191,-1.5016727535196932,0.035752435100089436
4.9169005155563354,4.417056773294753,0.36633676290512085,0.12114922845987058,0.08,{'lasso__alpha': 0.08},-1.6171328436253132,-1.5552166020647964,-1.6273964039058335,-1.6441043737358754,-1.562680236677476,-1.6031958129079014,-1.5520962773436873,-1.329960451704773,-1.561472875245707,0.09336704002127132,8,-1.4491969403272025,-1.5252315074547689,-1.5312455007679635,-1.5528055740871594,-1.5680966735347726,-1.5677508527416628,-1.5717410578316862,-1.5704794018113721,-1.5420684385695735,0.038996349310287046
6.149316608905792,6.811979741842235,0.33718055486679077,0.048668883409159036,0.09,{'lasso__alpha': 0.09},-1.633667414044494,-1.5762454925429445,-1.6452261123997023,-1.6608980287085273,-1.5775166717254825,-1.6156339312994485,-1.5633940047624966,-1.3392990905925142,-1.5764850932594512,0.09557916792874246,19,-1.46721478778168,-1.547407905432891,-1.5512920924838163,-1.570307902581066,-1.5832212276996165,-1.5808835160239119,-1.5837159088614694,-1.5807428349019879,-1.5580982719708047,0.03689319143696388
7.349342048168182,9.685628238444476,0.3326917886734009,0.04702553755952747,0.09999999999999999,{'lasso__alpha': 0.09999999999999999},-1.6334426624216654,-1.5756922687741388,-1.6459680089385795,-1.6613100320441687,-1.5778519539137272,-1.6154538515055248,-1.5631189163106969,-1.33898192152963,-1.5764774519297662,0.09576976447107212,18,-1.4673271831926018,-1.5474705432213771,-1.5514856766083134,-1.5704777055877208,-1.5832634865309303,-1.5809266103294617,-1.5837587317010344,-1.5807858399943138,-1.558186972145719,0.036872854210702584
5.146358132362366,7.896228559766331,0.3251914978027344,0.04603979357352257,0.11,{'lasso__alpha': 0.11},-1.6332559370163073,-1.57515761127132,-1.6466168940960408,-1.6615919818371623,-1.5781902868436402,-1.6152804236356137,-1.5628468077348685,-1.3386694876984477,-1.5764511787666748,0.09594046598298969,16,-1.4674513331985406,-1.5475396267610328,-1.551659519237615,-1.5707020036252284,-1.5833101487399655,-1.5809743364700155,-1.5838061779826342,-1.5808334987087542,-1.5582845805904733,0.03685296192666311
4.801641672849655,7.441522577936012,0.3201867341995239,0.05735955593985067,0.12,{'lasso__alpha': 0.12},-1.6331076921568626,-1.5746381314703384,-1.6469130495792195,-1.6618874121926528,-1.578531251127363,-1.6151094671901274,-1.562583268648352,-1.3383674884252705,-1.5763922200987732,0.09608095386440095,14,-1.4675869863468105,-1.5476154143489376,-1.551718246708437,-1.5709475959074863,-1.5833611739666402,-1.5810264688770785,-1.5838579776487047,-1.5808855543792932,-1.5583749272729235,0.036834290713202295
4.394475519657135,6.3024507548155855,0.3272911608219147,0.10017084979511912,0.13,{'lasso__alpha': 0.13},-1.632996367452928,-1.5741353653054615,-1.6472164698842462,-1.662196264415151,-1.5788773666351075,-1.614945561842028,-1.5623221917102128,-1.3380711898154065,-1.5763450971325677,0.09622560001919897,12,-1.467734722503008,-1.5476977936364458,-1.5517820007447776,-1.5712145145962082,-1.5834167134944677,-1.5810832701502144,-1.5839144482513596,-1.580942234028188,-1.5584732121755835,0.036814064340746175
2.359570473432541,1.3648986469925846,0.3255246579647064,0.06717499950324385,0.14,{'lasso__alpha': 0.14},-1.6329227482570727,-1.573651137662911,-1.6474963618438052,-1.6625115523089133,-1.5792274142098532,-1.61478614647879,-1.5620675084480038,-1.337785016932596,-1.576305985767743,0.09636922465490506,9,-1.4678942729449012,-1.547786555969448,-1.5518352964548148,-1.5715054008637916,-1.5834766963874216,-1.5811445926032517,-1.583975379159247,-1.5810032901549886,-1.558577685567233,0.036792818678508435
2.049739956855774,0.8357853929013108,0.35314667224884033,0.10366626706068419,0.15000000000000002,{'lasso__alpha': 0.15000000000000002},-1.632886906935385,-1.573181874745031,-1.6477504685358932,-1.6631972104996782,-1.5795797531196194,-1.6146293736843604,-1.5618203874353604,-1.3375036398757438,-1.576318701853884,0.09655396874698202,10,-1.468065576851533,-1.5478820891698544,-1.5518774603099128,-1.5715795695361972,-1.583540994255438,-1.5812102911617871,-1.5840406723421965,-1.581069040971726,-1.5586582118248304,0.036759954631311605
1.93574458360672,0.8030503656588707,0.3110784888267517,0.05351766623339466,0.16,{'lasso__alpha': 0.16},-1.6328887548488484,-1.5727293904343287,-1.6480084267863784,-1.663893132306808,-1.5799375601228864,-1.6144798678858179,-1.5615758568396083,-1.3372301547590222,-1.5763428929979624,0.09674179710692117,11,-1.4682486751544395,-1.5479842049181267,-1.5519224409625807,-1.5716473680699805,-1.5836098459816528,-1.5812807027328908,-1.584110670318548,-1.5811393045355935,-1.5587429015842267,0.03672437621909241
1.8532387614250183,0.7767857018284503,0.31783974170684814,0.06790565345826213,0.17,{'lasso__alpha': 0.17},-1.632928552082032,-1.572293850434847,-1.6482733182787737,-1.6645928084092967,-1.5802992942696519,-1.6143350713854576,-1.5613375068227746,-1.3369642273254414,-1.5763780786260342,0.09693214200517294,13,-1.468443134089437,-1.5480928773800224,-1.5519704113699622,-1.5717195387177658,-1.5836831386401355,-1.5813556447177062,-1.584185126597349,-1.5812141012758925,-1.5588329965985337,0.03668664441744256
1.8306849598884583,0.7687551409575587,0.3101825714111328,0.058531060805811594,0.18000000000000002,{'lasso__alpha': 0.18000000000000002},-1.6330056715386574,-1.5718750682050682,-1.6485435716647545,-1.665287285333925,-1.5806649528638632,-1.6141947501139975,-1.5611046155193502,-1.336708590436582,-1.5764230632095249,0.09712290589338321,15,-1.4686497888538317,-1.5482081305377766,-1.5520212848309958,-1.5717894530349081,-1.583760871614344,-1.58143509295769,-1.584264091206512,-1.5812932026709299,-1.5589277394633736,0.0366461990717458
1.793552577495575,0.7603866644268561,0.30851805210113525,0.05623165935504177,0.19,{'lasso__alpha': 0.19},-1.6331204697580028,-1.5714730571422963,-1.6488192476089136,-1.6659590046098158,-1.5810345331824056,-1.6140592958779088,-1.5608771594473991,-1.3364579096152476,-1.5764750846552487,0.09731371361841493,17,-1.46886820442547,-1.5483299629218392,-1.5520750646995443,-1.571835756581327,-1.5838430442504896,-1.5815190780670159,-1.5843475654410353,-1.581377037776377,-1.5590244642703872,0.036602277030803834
1.8568712770938873,0.8519178089535943,0.2907862365245819,0.0581953698216953,0.2,{'lasso__alpha': 0.2},-1.6332729260477714,-1.571087830120806,-1.649100345635504,-1.6666339471141107,-1.5814079366371807,-1.6139265694586216,-1.5606573460911166,-1.3362147960787298,-1.5765377121479802,0.0975065310606043,20,-1.4690983963004594,-1.548458372979266,-1.5521317508099945,-1.5718845552814493,-1.5839296460245236,-1.5816073854999386,-1.5844353303768273,-1.5814654026080015,-1.5591263549850574,0.03655597182889737
1.8212829232215881,0.7544313799244613,0.26727211475372314,0.0473810526275049,0.21000000000000002,{'lasso__alpha': 0.21000000000000002},-1.63346302986369,-1.5707194657346006,-1.6493868622152827,-1.6673122514135752,-1.5817851192371506,-1.6138012112612707,-1.5604402828174984,-1.335979253958198,-1.5766109345626584,0.09770166274532853,21,-1.4693403589440428,-1.548593344666159,-1.5521913427891623,-1.5719358541524875,-1.5840206703914377,-1.5817004691530518,-1.5845278592398226,-1.5815582964065393,-1.559233524467838,0.036507364251120694
1.8918929398059845,0.7572530833099825,0.33314967155456543,0.16253280180686755,0.22,{'lasso__alpha': 0.22},-1.6336907680632677,-1.5703690489069018,-1.6496786537774708,-1.6679939396316945,-1.582164355313489,-1.6136807168168579,-1.5602292093679808,-1.3357512872589479,-1.5766947473920765,0.09789886196798156,22,-1.4695940865421995,-1.5487346182956996,-1.5522538297221335,-1.571989653959028,-1.584115921291708,-1.5817980901841981,-1.5846248403006349,-1.5816557183740347,-1.5593458448337048,0.0364564070343175
1.6154422461986542,0.7205214188322813,0.2541859447956085,0.059838927119440534,0.23,{'lasso__alpha': 0.23},-1.6339561155514528,-1.5700342457447654,-1.6499739562498403,-1.6686790116342447,-1.5825494871307269,-1.6135646795170477,-1.5600235467563757,-1.335531020792524,-1.576789007922122,0.09809793871089807,23,-1.4698595541221346,-1.5488827246342174,-1.5523190730382284,-1.5720459545934953,-1.5842158211288109,-1.5819002009034306,-1.584726330825582,-1.58175765397031,-1.559463414152026,0.03640313138255197
1.618029236793518,0.7358174539944841,0.2576412856578827,0.04602892651388864,0.24000000000000002,{'lasso__alpha': 0.24000000000000002},-1.6342590468701532,-1.5697162686794208,-1.650276609305437,-1.669367466731255,-1.5829385261178734,-1.6134535148664237,-1.5598233290939951,-1.3353185256856124,-1.5768941609187714,0.09829920513764943,24,-1.4701367557741394,-1.5490374004847627,-1.552387366494767,-1.5721047559396364,-1.5843201557768878,-1.582006843872787,-1.5848323266038957,-1.5818640919282476,-1.5595862121093904,0.036347528986656566
1.5801303386688232,0.64866160892014,0.2594885528087616,0.04717227804115444,0.25,{'lasso__alpha': 0.25},-1.6345995465495264,-1.5694151279382942,-1.6505846685632917,-1.6700592993937748,-1.5833314693947846,-1.6133472238721427,-1.5596285590367474,-1.3351136094425038,-1.5770099380238831,0.09850252217202408,25,-1.4704257002440446,-1.5491986438795875,-1.5524585638670114,-1.5721660576481729,-1.5844289243598342,-1.5821180181757788,-1.5849428266696555,-1.5819750523311973,-1.5597142233969103,0.03628960585166788
1.703462690114975,0.8151955542745599,0.2497914433479309,0.04677611451420387,0.26,{'lasso__alpha': 0.26},-1.6348336079794819,-1.5691308332147558,-1.6508981309972022,-1.6707544418328681,-1.5837283140553728,-1.6132458074976275,-1.559439238625525,-1.3349162755531911,-1.577118331219503,0.09869733143627994,26,-1.4706362850089487,-1.5493664527682178,-1.5525326647554425,-1.572229856059604,-1.5845421259645682,-1.5822337228572185,-1.5850578300807832,-1.5820905342276725,-1.5598361839653068,0.036257072763209865
1.6585864424705505,0.6758998317355006,0.26089349389076233,0.06903633781050596,0.27,{'lasso__alpha': 0.27},-1.6350679919089681,-1.5688633936669192,-1.6512169935298566,-1.671452842211682,-1.5840852673936132,-1.6131492666622353,-1.559255369845455,-1.3347265120377936,-1.5772272046570652,0.0988910195396535,27,-1.47083654927241,-1.5495408250176161,-1.5526096687443507,-1.5722961479287405,-1.5846482603510552,-1.5823539569232914,-1.5851773358571624,-1.5822105387747916,-1.559959160358677,0.03622802195107297
1.720952719449997,0.7386792880838855,0.2966553568840027,0.08682799663565297,0.28,{'lasso__alpha': 0.28},-1.6353306382933006,-1.568612836921708,-1.651541253033469,-1.6721546070551314,-1.584279913915621,-1.613057602241271,-1.5590769546255787,-1.3345464081944605,-1.5773250267850676,0.09908385838359539,28,-1.4710443287137116,-1.5497217508999885,-1.552689575401802,-1.5723649385948524,-1.5847151662809922,-1.5824787193416345,-1.5853013429806049,-1.5823347585781196,-1.5600813225989631,0.036194209880169075
1.705943912267685,0.744387742915329,0.2683807611465454,0.041090884918877676,0.29000000000000004,{'lasso__alpha': 0.29000000000000004},-1.6356215373574785,-1.5683791774677776,-1.6518709063299137,-1.672859732129059,-1.5844772858942695,-1.6129708150660933,-1.5589039948380559,-1.334371605320055,-1.5774318818003379,0.09927856299029282,29,-1.4712596277547965,-1.5499092232647809,-1.552772384279663,-1.5724362277299955,-1.584784610871665,-1.5826080090412555,-1.585429850394803,-1.582463820358551,-1.5602079692119388,0.03615924699509492
1.696859747171402,0.6574845523619833,0.26302576065063477,0.08375169890905977,0.3,{'lasso__alpha': 0.3},-1.6359406752107715,-1.5681623924374437,-1.6522059288648137,-1.673568213186254,-1.584676352818783,-1.6128889059242102,-1.5587381982365598,-1.334204403086002,-1.5775481337206048,0.09947436207199212,30,-1.4714824456996987,-1.550103250749349,-1.5528580928771418,-1.5725100149943698,-1.5848564595951622,-1.5827418249126894,-1.585562574212784,-1.582597401661201,-1.5603390080877997,0.03612307592084713
1.5821119248867035,0.6833938104112618,0.2450648546218872,0.04576152334718955,0.31,{'lasso__alpha': 0.31},-1.6362880346281148,-1.5679624888298005,-1.652546227013177,-1.6742773306837042,-1.5848773163927325,-1.6128118755586762,-1.5585760245065547,-1.334044804350167,-1.577673012745366,0.09967098880859145,31,-1.4717127793614582,-1.5503038308924704,-1.552946691722417,-1.5725861332803592,-1.5849307386271982,-1.5828801658080336,-1.5857000885601857,-1.5827355013417481,-1.5604744911992339,0.03608574698899062
1.6262523531913757,0.6011363754663919,0.30252447724342346,0.14438944865094563,0.32,{'lasso__alpha': 0.32},-1.636663601329917,-1.567779473102397,-1.6528919069053791,-1.6749925715691127,-1.5850801910449328,-1.612737689710394,-1.558419505648139,-1.333892811841941,-1.5778072188940266,0.09986896908905221,32,-1.4719506286480655,-1.550510961151127,-1.5530381905095576,-1.572664915039253,-1.585007449692082,-1.5830227079928652,-1.585842066355158,-1.5828781182175173,-1.560614379700703,0.036047224457736955
1.5658510327339172,0.6695885935080537,0.2353832721710205,0.04821085122421866,0.33,{'lasso__alpha': 0.33},-1.6370673549363985,-1.5676133511701067,-1.6532429651657288,-1.6757111563648164,-1.5852849707388321,-1.6126703577418677,-1.5582684471391859,-1.3337485292401623,-1.5779508915621374,0.10006810751703499,33,-1.4721959892158856,-1.550724638900628,-1.5531325887260305,-1.5727461941294936,-1.5850865916213763,-1.5831700754907287,-1.5859885389047803,-1.5830252323133516,-1.5607587311627842,0.036007556510382364
1.5796195566654205,0.6588157128084899,0.251246839761734,0.07056541267822518,0.34,{'lasso__alpha': 0.34},-1.6374992685442096,-1.5675006254660004,-1.6535993963520177,-1.6764330807710635,-1.585491634334267,-1.612607906446742,-1.5581228500548456,-1.3336119790334071,-1.578108342625319,0.10026781867348594,34,-1.4724488532109228,-1.5509071971775312,-1.553229885632054,-1.5728299701639452,-1.5851681607579744,-1.5833219637494165,-1.586139505064925,-1.5831768359488092,-1.5609027964631972,0.03596803159975454
1.5135113596916199,0.5921685644393618,0.24026167392730713,0.047507046408661595,0.35000000000000003,{'lasso__alpha': 0.35000000000000003},-1.6379593181742385,-1.5674548542696538,-1.6539611978039976,-1.677158340475096,-1.5857002066505552,-1.6125503363924456,-1.5579827012277505,-1.333483035990247,-1.5782812488729978,0.10046792028462069,35,-1.4727092162179767,-1.5510381176513317,-1.5533300807566393,-1.5729162427436136,-1.585252160547038,-1.5834783714679972,-1.5862949665847585,-1.5833329504584492,-1.5610440133034755,0.035929359671942065
1.5319909453392029,0.6275197007446635,0.26457247138023376,0.06912693010741634,0.36000000000000004,{'lasso__alpha': 0.36000000000000004},-1.6384474727817833,-1.5674193896531965,-1.6543283671480404,-1.6778869337358429,-1.5859106869345743,-1.6124976481014683,-1.55784801773845,-1.3333616959187151,-1.5784625265015089,0.10066915050220193,36,-1.472977070118143,-1.5511725503758504,-1.5534331736568237,-1.573005011637515,-1.5853385906022048,-1.5836392973073952,-1.5864549191945674,-1.5834935758609554,-1.5611892735941817,0.03588962970303434
1.5591852962970734,0.6875610719471329,0.2430645227432251,0.04829292055226027,0.37,{'lasso__alpha': 0.37},-1.6389637193547766,-1.5673935348331918,-1.6547009008107278,-1.6786188675618126,-1.5861230735085567,-1.6124498420525475,-1.557718801004613,-1.3332479641348631,-1.5786520879076362,0.10087152544194379,37,-1.473252419211665,-1.5513110076565637,-1.5535391637557228,-1.5730962772428574,-1.5854274503691308,-1.5838047398903725,-1.5866193615360824,-1.583658710245375,-1.561338641238471,0.03584882566562267
1.6598784625530243,0.8382520468991259,0.2644684314727783,0.06060160556585284,0.38,{'lasso__alpha': 0.38},-1.6395080313566657,-1.5673776414447123,-1.6550787951698296,-1.6793541238311678,-1.5863373621179917,-1.6124069186800407,-1.5575950523868372,-1.3331418460397566,-1.5788499713783752,0.10107504452285013,38,-1.4735352592968747,-1.5514532385851416,-1.5536480504603978,-1.5731900381890775,-1.585518738816879,-1.5839746978016518,-1.586788292213471,-1.5838283515022509,-1.561492083358218,0.03580696071376166
1.735075205564499,0.816679199000503,0.2990041673183441,0.0685213877860109,0.39,{'lasso__alpha': 0.39},-1.6400803808441011,-1.5673717019161393,-1.6554620465542946,-1.6800926981820246,-1.58655355637389,-1.6123688783735286,-1.557476773188429,-1.333043343451501,-1.5790561723604886,0.10127971640301887,39,-1.4738255860609557,-1.5515992477192526,-1.5537598331618634,-1.5732862940300478,-1.5856124562561578,-1.5841491695879382,-1.5869617097933821,-1.5840024981836582,-1.561649599349157,0.03576403945487466
1.6834218204021454,0.6523994458187499,0.25987282395362854,0.0453035813587208,0.4,{'lasso__alpha': 0.4},-1.6406807369977794,-1.5673757161639814,-1.6558506512443947,-1.6808346290315275,-1.5867716554973583,-1.612335721479019,-1.5573639646556297,-1.3329524580585157,-1.5792706916410255,0.10148555638785223,40,-1.4741233942431553,-1.5517490334786774,-1.5538745112351275,-1.5733850475531999,-1.585708602256315,-1.5843281537579512,-1.5871396128050308,-1.5841811488037134,-1.5618111880166463,0.03572006718066123
1.590802162885666,0.6387786215004136,0.281122088432312,0.08464275887140921,0.41000000000000003,{'lasso__alpha': 0.41000000000000003},-1.6413090656959022,-1.5673896843608037,-1.6562446054720057,-1.6815799040650552,-1.5869916587029052,-1.6122036215817386,-1.5572566279773166,-1.3328691914190012,-1.579480544909341,0.1016883927477718,41,-1.4744286774973554,-1.551902593424459,-1.5539920840391874,-1.5734862978716824,-1.5858071763755952,-1.584470682217186,-1.5873219997403094,-1.5843643018388107,-1.5619717266255733,0.035671817272265025
1.5072238147258759,0.6097504866824762,0.24307367205619812,0.04819153127321194,0.42000000000000004,{'lasso__alpha': 0.42000000000000004},-1.6419653390832438,-1.5674136031063741,-1.6566439054206585,-1.6822457716024166,-1.5872135651989412,-1.6119704909989647,-1.5571547101870122,-1.3327935449608148,-1.579675116319803,0.10187789798651051,42,-1.4747414336616502,-1.5520599298194813,-1.554112550917069,-1.5735747141356033,-1.5859081781612672,-1.5845757682396238,-1.587508883664409,-1.584551955727813,-1.5621291767908645,0.03561859575660915
1.5723187327384949,0.6709461396719262,0.2583563029766083,0.06733004768223683,0.43,{'lasso__alpha': 0.43},-1.6426495236663088,-1.5674474719451903,-1.657048547225908,-1.682835970093858,-1.5874373741872037,-1.6117392440907683,-1.5570582292153736,-1.332725519981687,-1.579867735050787,0.10205867899407854,43,-1.4750616579825961,-1.552221041515442,-1.5542359111958166,-1.5736506779305461,-1.5860116071495085,-1.584683166910722,-1.587700259935657,-1.5847441088716965,-1.5622885539364981,0.03556356596665001
1.5797923803329468,0.6587898423236331,0.24970021843910217,0.04805726122201812,0.44,{'lasso__alpha': 0.44},-1.643361584584146,-1.5674912910740677,-1.6574585269755322,-1.6834286565278573,-1.5876630848630564,-1.6115119229714436,-1.556968490063075,-1.332665117648636,-1.580068584338477,0.102240616683517,44,-1.4753893455974754,-1.5523859254122105,-1.5543621641865335,-1.5737284255754598,-1.5861174628654868,-1.5847932921709564,-1.5878957488522851,-1.5849407596341445,-1.562451640536819,0.03550730734560258
1.5384206473827362,0.6579762863782085,0.24808678030967712,0.06569185036713247,0.45,{'lasso__alpha': 0.45},-1.6441014856169174,-1.5675450610298778,-1.6578738407091684,-1.68402382827756,-1.5878906964157584,-1.6112875233603392,-1.5568824607654899,-1.3326137836932912,-1.5802773349835504,0.1024233465869568,45,-1.4757244915345311,-1.5525545750317444,-1.5544913091844053,-1.573807956805972,-1.5862257448233934,-1.584905941772844,-1.5880962227305366,-1.585141465664762,-1.5626184634435236,0.03544985344454625
1.582898885011673,0.6760325474653461,0.26346448063850403,0.04705587727225263,0.46,{'lasso__alpha': 0.46},-1.6448691891952432,-1.5676087776259064,-1.6582944844192906,-1.684621404619112,-1.5881202080278312,-1.6110660464781892,-1.556794168859943,-1.3325683810734437,-1.58049283253737,0.10260800973131284,46,-1.476067090713467,-1.5527269944208357,-1.554623345468691,-1.5738892644519482,-1.5863364525263652,-1.5850211151781495,-1.5882972394037822,-1.5853471677799051,-1.562788583742893,0.0353908850674532
1.5705470740795135,0.6458885301200487,0.27533796429634094,0.06728900210050882,0.47000000000000003,{'lasso__alpha': 0.47000000000000003},-1.6456646564094461,-1.5676824390123525,-1.6587204519078838,-1.6852214519630795,-1.5883507392451035,-1.6108474367859196,-1.556705159493948,-1.3325306116933995,-1.5807153683138915,0.10279408168913799,47,-1.4764171379457718,-1.5529031837798006,-1.5547582720223296,-1.5739723540825126,-1.5864493987466837,-1.5851387989751442,-1.5884996236406124,-1.585557365450549,-1.5629620168304255,0.035330424309672336
1.5536348521709442,0.6236691556450479,0.2589190900325775,0.06528290967782972,0.48000000000000004,{'lasso__alpha': 0.48000000000000004},-1.6464878470191104,-1.567766043787453,-1.659151703599942,-1.6858239759907383,-1.5885840985896367,-1.6106317491135387,-1.5566217959495643,-1.3325004762022996,-1.5809459612815355,0.10298142813646237,48,-1.4767746279350582,-1.553083141825604,-1.5548960833747725,-1.5740572261382622,-1.5865649636839736,-1.5852590041448966,-1.5887063340193515,-1.5857720568888891,-1.563139179751351,0.035268776157033256
1.6360475718975067,0.7449882605279666,0.27357012033462524,0.05678003947744,0.49,{'lasso__alpha': 0.49},-1.6473398651067188,-1.567859590360537,-1.6595882723906858,-1.6864289740474665,-1.58881935572486,-1.6104189879817195,-1.5565440791338836,-1.3324777684092863,-1.5811846116443946,0.10317023031155177,49,-1.477140102299721,-1.553266867248338,-1.5550367835374506,-1.5741438803308887,-1.586682953277523,-1.5853817308543734,-1.5889173688515803,-1.5859913140083701,-1.5633201250510307,0.035205769468830216
1.7467212677001953,0.6805820971482571,0.3126545548439026,0.057920045207294074,0.5,{'lasso__alpha': 0.5},-1.6482184184642203,-1.5679630769505823,-1.6600301540851348,-1.6870364434716172,-1.5890565098078864,-1.6102091545502684,-1.556472009892798,-1.3324598394841847,-1.5814307008383364,0.10336113961755175,50,-1.477512473746514,-1.5534543586327043,-1.5551803717262687,-1.5742323163660994,-1.5868033669864738,-1.5855069785181013,-1.5891327264144393,-1.586209377306585,-1.5635039962121482,0.03514127697701892
1.6682792901992798,0.6436785378970976,0.3111775815486908,0.061924736397052635,0.51,{'lasso__alpha': 0.51},-1.649124566725902,-1.5680765014103617,-1.660477344441406,-1.6876463815944598,-1.5892955599895524,-1.6100022441471247,-1.556242259701761,-1.3324476078614922,-1.5816640582340074,0.10355899793770418,51,-1.4778922714587812,-1.5536456127159683,-1.5553268471414023,-1.5743225339436122,-1.586926204259017,-1.5856347450967467,-1.5892764980566902,-1.5864279796809762,-1.5636815865441493,0.035068344173838174
1.670229822397232,0.6172295431879672,0.31528598070144653,0.06792239699767548,0.52,{'lasso__alpha': 0.52},-1.6500582644295827,-1.5681998614920887,-1.6609298391720275,-1.688258785740307,-1.5895365054143622,-1.6097982573776093,-1.555921552071676,-1.3324430318890934,-1.5818932621983435,0.10376140714471807,52,-1.4782794897126665,-1.5538406300058443,-1.5554762089671446,-1.5744145327571704,-1.5870514645324014,-1.5857650297550523,-1.5893769330196648,-1.5866508800911783,-1.5638568961051402,0.034989837800852124
1.657661348581314,0.6499085428655783,0.2997269034385681,0.06249313068726996,0.53,{'lasso__alpha': 0.53},-1.6510194630807917,-1.5683331548512531,-1.6613876339426188,-1.6888736532265674,-1.589779345220615,-1.609597201746027,-1.5556077789115543,-1.3324461116458692,-1.582130542828162,0.10396545283696426,53,-1.478674121882392,-1.5540394090855838,-1.555628456372139,-1.5745083124945383,-1.5871791472329322,-1.5858978334219054,-1.5894792989007496,-1.586878076726025,-1.564035582014533,0.03490989318165827
1.6540298163890839,0.6016388121701303,0.29999640583992004,0.08834451664273159,0.54,{'lasso__alpha': 0.54},-1.6520081148239518,-1.568476378955379,-1.6618507243732623,-1.6894909813636618,-1.59002407854031,-1.609399078350868,-1.5553008996773052,-1.3324568470787386,-1.5823758878954346,0.10417117274584889,54,-1.4790761621270674,-1.5542419485118153,-1.5557835885092086,-1.57460387283751,-1.5873092517760763,-1.5860331554645275,-1.5895836080337362,-1.5871095677404787,-1.5642176443750526,0.034828516820851245
1.6769536137580872,0.7504191785254566,0.28813084959983826,0.06817626550496161,0.55,{'lasso__alpha': 0.55},-1.6530241718098113,-1.568629531084305,-1.6623191060380116,-1.6901107674553504,-1.5902706699453268,-1.6092038882753619,-1.5550009237689562,-1.332424587099028,-1.5826229556845188,0.10439377796665476,55,-1.4794856050548177,-1.5544482468147136,-1.555941604515536,-1.5747012134619234,-1.5874417691307612,-1.5861709952383283,-1.5896898582642527,-1.5872994462415917,-1.5643973423402406,0.0347419274514992
1.7563546895980835,0.6855126210308069,0.3284618556499481,0.0924310109341626,0.56,{'lasso__alpha': 0.56},-1.6540675835350107,-1.568792607896685,-1.662792774465667,-1.6907330087984784,-1.5905191288347535,-1.609011632586839,-1.5547078495605564,-1.3322808334252296,-1.5828631773879023,0.10465376145346457,56,-1.4799024445213396,-1.5546583013572703,-1.556102503512548,-1.574800334037649,-1.5875767008354627,-1.5863113520870378,-1.589798050930376,-1.5873849890745764,-1.5645668345445325,0.03464492716467676
1.6591383814811707,0.6581542653686959,0.3030582070350647,0.06675053117351944,0.5700000000000001,{'lasso__alpha': 0.5700000000000001},-1.6551382982656626,-1.568965606539099,-1.663271725139445,-1.6913577026832805,-1.590769478353745,-1.6088223123372185,-1.5544216809558749,-1.3321408466094746,-1.5831109563604748,0.10491659374305358,57,-1.4803266742783534,-1.554872111590435,-1.5562662846060715,-1.5749012342286157,-1.5877140520456459,-1.5864542253425988,-1.5899081856355655,-1.587472058896021,-1.5647393533279133,0.03454623356966122
1.5756020545959473,0.5710103457577961,0.2732507288455963,0.07667979002332931,0.5800000000000001,{'lasso__alpha': 0.5800000000000001},-1.6562362630497365,-1.5691485237696503,-1.663755953497524,-1.6919848463931637,-1.5910217176101402,-1.6086359285632377,-1.5541424217695865,-1.332004611404326,-1.5833662832571707,0.10518231480673455,58,-1.4807582879740449,-1.5550896760870736,-1.5564329468862668,-1.575003913692789,-1.5878538221334955,-1.5865996143251189,-1.5900202619762573,-1.587560661299483,-1.564914898046816,0.03444585023508593
1.5700849890708923,0.6038446332859972,0.2614711821079254,0.06959786051030681,0.59,{'lasso__alpha': 0.59},-1.6573614237295171,-1.5693413561200973,-1.6642454549329782,-1.6926144372052192,-1.5912758457050873,-1.6084524822853727,-1.5538700757268933,-1.3318721254065804,-1.583629150138968,0.10545096159246857,59,-1.4811972791534544,-1.5553109932716955,-1.5566024894276875,-1.5751083720822179,-1.5879960104602584,-1.586747518343164,-1.5901342795419169,-1.5876507971692941,-1.5650934674312111,0.03434378041402575
1.5050126314163208,0.5986361311236388,0.25413236021995544,0.05001784242538419,0.6,{'lasso__alpha': 0.6},-1.6585137249546889,-1.5695441001512138,-1.664740224794451,-1.693246472389545,-1.591531861733733,-1.608271974509027,-1.5536046464634397,-1.3317439041059183,-1.583899613637752,0.10572241742955053,60,-1.4816436412590328,-1.5555360619135354,-1.5567749112893041,-1.5752146090429788,-1.5881406163764145,-1.586897936693436,-1.5902502379149879,-1.58774223288272,-1.5652750309215513,0.03424000818078168
1.5093223452568054,0.5707892895707011,0.26569217443466187,0.0541173654017741,0.61,{'lasso__alpha': 0.61},-1.659693110195414,-1.5697567523616769,-1.6652402583859474,-1.6938809492100275,-1.5917897647853771,-1.6080943896172972,-1.5533461428092952,-1.3316188522811045,-1.5841775274557675,0.1059970460787057,61,-1.482097367631108,-1.555764880844544,-1.5569502115144978,-1.5753226242152654,-1.5882876392216765,-1.5870508636395748,-1.5903681344351912,-1.587835457281742,-1.56545964734795,0.03413457635071165
1.5054081976413727,0.5347831688813925,0.25797638297080994,0.0792635090629681,0.62,{'lasso__alpha': 0.62},-1.660899521755536,-1.5699793083034943,-1.6657455509670023,-1.6945178649240282,-1.592049553942715,-1.607919734351016,-1.5530945790239632,-1.3314975487600096,-1.5844629577534706,0.10627471307365455,62,-1.482558451508328,-1.5559974476184668,-1.557128389131159,-1.5754324172333067,-1.588437078324877,-1.58720629995329,-1.5904879636271119,-1.5879302174721277,-1.5656472831085835,0.03402746723586676
1.5914657711982727,0.5564771112686562,0.2845514118671417,0.12257220726405463,0.63,{'lasso__alpha': 0.63},-1.6621329007862355,-1.5702117637655348,-1.6662560977534828,-1.6951572167825042,-1.592311228282717,-1.6077480206229597,-1.5528499413000743,-1.3313799945671028,-1.5847558954825764,0.1065554582021432,63,-1.4830268860281886,-1.5562337605550804,-1.5573094431516283,-1.5755439877254303,-1.5885889330041478,-1.587364248148249,-1.5906097320276364,-1.588026513178982,-1.5658379379774179,0.03391868516913121
1.514434278011322,0.6013162091568565,0.2638360261917114,0.07641496237196832,0.64,{'lasso__alpha': 0.64},-1.6633931872996877,-1.5704541143518904,-1.666771893917081,-1.6957990020299263,-1.5925747868760975,-1.6075792493759966,-1.5526122329115901,-1.3312662247269298,-1.5850563364361498,0.10683931086534416,64,-1.4835026642275189,-1.5564738179480928,-1.557493372572806,-1.5756573353140586,-1.588743202566831,-1.5875247074746246,-1.5907334391914134,-1.5881243263106914,-1.5660316082007546,0.03380823220898159
1.4978150129318237,0.5575119909540835,0.25216144323349,0.04853889341097118,0.65,{'lasso__alpha': 0.65},-1.6646803201830285,-1.5707063554822462,-1.6672929345858511,-1.6964432179046365,-1.5928402287874488,-1.6074134215367866,-1.5523814570416499,-1.3311562225353746,-1.5853642697571277,0.10712631645210649,65,-1.4839857790429891,-1.556717618065204,-1.5576801763761063,-1.5757724596157052,-1.5888998863094894,-1.587687677171142,-1.590859084666173,-1.588223664188962,-1.5662282931794713,0.03369611256867528
1.514411598443985,0.5843232778419173,0.2621593773365021,0.06231107906377641,0.66,{'lasso__alpha': 0.66},-1.6659942372123615,-1.5709684823924372,-1.6678192148445312,-1.697089861638617,-1.593107572358019,-1.6072505380164634,-1.5521576167824431,-1.3310499703856002,-1.5856796867038092,0.10741652132796882,66,-1.4844762233115887,-1.5569651591482716,-1.5578698535275382,-1.5758893602409862,-1.589058989036082,-1.587853156464761,-1.5909866679926932,-1.5883245358824514,-1.5664279932005465,0.0335823311421784
1.538815677165985,0.5949458508289759,0.252797931432724,0.044267338547251366,0.67,{'lasso__alpha': 0.67},-1.6673348750673038,-1.5712404901348067,-1.6683507297349123,-1.697738930457651,-1.5933768068882292,-1.6070905997103055,-1.5519407151349949,-1.3309474691757346,-1.5860025770379922,0.10770996662891912,67,-1.4849739897712293,-1.5572164394132526,-1.5580624029776773,-1.576008036794622,-1.5892205074102346,-1.5880211445710024,-1.5911161887048124,-1.5884269410989444,-1.5666307063427218,0.03346689145247926
1.545666664838791,0.5946338230864852,0.25680312514305115,0.060983820466648,0.68,{'lasso__alpha': 0.68},-1.6687021693451074,-1.571522373578574,-1.668887474255036,-1.6983904215812702,-1.5936479220092559,-1.6069336074975857,-1.5517307550089516,-1.3308487197724663,-1.586332930381031,0.10800669399370562,68,-1.4854790710611323,-1.557471457050258,-1.5582578236618096,-1.576128488875438,-1.5893844380372113,-1.5881916406937575,-1.5912476463294478,-1.5885308795418596,-1.5668364306563642,0.033349797095589113
1.5776616930961609,0.710262529303755,0.2769657373428345,0.07009986822982893,0.6900000000000001,{'lasso__alpha': 0.6900000000000001},-1.6700960545756534,-1.5718141274106265,-1.6694294433610928,-1.6990443322232418,-1.5939209167613406,-1.6067795622419103,-1.5515277392223925,-1.3307537230110043,-1.5866707373509077,0.10830674560251918,69,-1.4859914597225061,-1.5577302102238506,-1.5584561144997724,-1.5762507160764185,-1.5895507801706354,-1.5883646440254227,-1.5913810403865984,-1.588636350910261,-1.5670451645019332,0.03323105197096578
1.8354219794273376,0.7209506287639754,0.32414087653160095,0.06616257658218154,0.7000000000000001,{'lasso__alpha': 0.7000000000000001},-1.6715164642359521,-1.5721157461356676,-1.6699766319661267,-1.6997006595908533,-1.5941957901787331,-1.6066284647911573,-1.551331670501658,-1.3306624796950661,-1.5870159883869017,0.1086101640566566,70,-1.4865111481989555,-1.557992697072759,-1.5586572743962128,-1.576374717984633,-1.5897195330534906,-1.5885401537467265,-1.59151637038934,-1.5887433548988479,-1.5672569062176207,0.033110660059400984
1.5101391077041626,0.5650711481437858,0.24482247233390808,0.0463642704076409,0.7100000000000001,{'lasso__alpha': 0.7100000000000001},-1.6729633307652825,-1.572427224076903,-1.6705290349414446,-1.700359400885729,-1.5944725412901235,-1.6064803159768772,-1.5511425514810995,-1.3305749905967916,-1.5873686737517814,0.10891699234090915,71,-1.487038128837095,-1.5582589157101445,-1.5588613022403832,-1.576500494181316,-1.5898906959182169,-1.5887181690271004,-1.5916536358438869,-1.5888518911979896,-1.5674716541195166,0.03298862542460858
1.5792509317398071,0.7071543990654349,0.2528601586818695,0.04960279216480874,0.72,{'lasso__alpha': 0.72},-1.6742962542769593,-1.5727485553766454,-1.671086647115718,-1.7010205533032103,-1.594751169117874,-1.6063351248282751,-1.5509603847030187,-1.3304912564568518,-1.587711243147319,0.10921335804774211,72,-1.4875272783643003,-1.5585288642237818,-1.5590681969063631,-1.576628044241823,-1.5900642679865138,-1.5888986920219532,-1.5917928362495186,-1.58896195949364,-1.5676837674359867,0.032878700595204764
1.4841092824935913,0.5803968073170527,0.26646584272384644,0.08174599338756128,0.73,{'lasso__alpha': 0.73},-1.6750940166396127,-1.5730797339966398,-1.6716494632761751,-1.7016841140330525,-1.595031715848872,-1.6061928888798465,-1.5507851726173985,-1.330411277984175,-1.5879910479094714,0.10945696142846598,73,-1.4878457694546365,-1.5588025406758486,-1.559277957252979,-1.5767573677356737,-1.5902402619344356,-1.5890817208102281,-1.5919339710986513,-1.5890735594674936,-1.5678766435537432,0.03282136461511863
1.5148071944713593,0.5755639663350376,0.2633398175239563,0.06587507175125662,0.74,{'lasso__alpha': 0.74},-1.675899204806019,-1.5734207537187777,-1.6722174781682113,-1.702350080259048,-1.5952668051095473,-1.6060536039100348,-1.5506169175817541,-1.3303350558561413,-1.5882699874261916,0.10970085649655854,74,-1.4881681544407377,-1.559079943103123,-1.5594905821238914,-1.5768884642265446,-1.5903960938966046,-1.5892672527295981,-1.5920770398768487,-1.589186690796857,-1.5680692776492757,0.03276150246638545
1.5254798233509064,0.5622726812856017,0.2570594549179077,0.07208822430597313,0.75,{'lasso__alpha': 0.75},-1.6767127766289056,-1.5737716081456952,-1.6727906864960598,-1.7030184491591664,-1.5954394753839682,-1.6059172706870082,-1.5504556218610392,-1.3302625907184502,-1.5885460598850365,0.10994501434814177,75,-1.4884948706618244,-1.5593610695171154,-1.559706070347595,-1.5770213332722705,-1.590523505313631,-1.5894552869033622,-1.5922220420627775,-1.5893013531547078,-1.5682606914041604,0.03269827852812406
1.4849266111850739,0.5453209583061562,0.2475457489490509,0.04862868162679942,0.76,{'lasso__alpha': 0.76},-1.6775347070497402,-1.5741322907013173,-1.6733690829226957,-1.7036892179056538,-1.5956132025431904,-1.6057838899624877,-1.5503012876274207,-1.3301938831851152,-1.5888271952372026,0.1101899456322796,76,-1.4888259094578165,-1.5596459179041502,-1.5599244207374436,-1.5771559744248576,-1.590652616557294,-1.5896458224435939,-1.5923689771282674,-1.5894175462097009,-1.5684546481078905,0.03263426402532805
1.5149218440055847,0.589740997763913,0.24517479538917542,0.060072318344123014,0.77,{'lasso__alpha': 0.77},-1.6783649681615886,-1.5745027946314314,-1.6739526620703253,-1.704362383665032,-1.5957879862419915,-1.605652708085592,-1.5501539169601595,-1.3301289338384277,-1.5891132942068187,0.1104356343521462,77,-1.4891612608393194,-1.5599344862252644,-1.5601456320917086,-1.5772923872304883,-1.5907834272136876,-1.5898385609735806,-1.5925178445383117,-1.589535269626153,-1.5686511085923143,0.03256943958885895
1.4968513548374176,0.5687672765644225,0.2508966624736786,0.048825717451918174,0.78,{'lasso__alpha': 0.78},-1.6792035538899306,-1.5748831130043244,-1.674541418520353,-1.7050379435982612,-1.5959638261332945,-1.605525289137435,-1.5500135118454992,-1.3300677432289487,-1.589404549919756,0.11068211062281609,78,-1.4895009247818014,-1.5602267724163603,-1.5603697031936496,-1.5774305712295547,-1.5909159368636292,-1.5900341138953926,-1.5926686437510413,-1.5896545230640666,-1.568850148649437,0.03250385678957961
1.4873560965061188,0.5593774044188898,0.2562684416770935,0.06816362207060166,0.79,{'lasso__alpha': 0.79},-1.6800504389782647,-1.5752732387115733,-1.6751353468134988,-1.7057158948605966,-1.5961407218680272,-1.6054008246149103,-1.549880074176472,-1.3300103118754625,-1.589700856487351,0.11092935759245495,79,-1.489844892490859,-1.560522774388456,-1.560596632811411,-1.5775705259566055,-1.591050145082635,-1.5902321659911864,-1.5928213742177944,-1.5897753061791349,-1.5690517271397604,0.03243749465483472
1.4870460629463196,0.586418140587387,0.2655855119228363,0.08520753772317155,0.8,{'lasso__alpha': 0.8},-1.680905613995554,-1.5756731644683988,-1.6757344414510564,-1.7063962346018324,-1.5963186730951389,-1.605279315205155,-1.549753605752827,-1.329956640264978,-1.5900022111043677,0.1111773757383637,80,-1.4901931624160014,-1.5608224900274563,-1.560826419698189,-1.577712250940417,-1.5911860514408802,-1.5904327163273042,-1.5929760353830773,-1.589897618622729,-1.5692558431070067,0.03237035555425903
1.4636944234371185,0.5706832777598372,0.2618924081325531,0.07098322733969878,0.81,{'lasso__alpha': 0.81},-1.6812801860493187,-1.576082882814683,-1.6763386968936833,-1.707078959966325,-1.596497679461721,-1.605160761579443,-1.5496341082808807,-1.3299067288526945,-1.5902475004873438,0.11137611130340928,81,-1.4903210426148112,-1.561125917194461,-1.5610590625922314,-1.57785574570397,-1.5913236555032912,-1.5906357639587372,-1.5931326266845918,-1.5900214600419174,-1.5694344092867514,0.03237107094461157
1.4473280906677246,0.5923793774487763,0.2346269190311432,0.04816381786938366,0.8200000000000001,{'lasso__alpha': 0.8200000000000001},-1.6814119009390063,-1.5765023861154013,-1.6769481075626673,-1.7077640680927841,-1.596677740612886,-1.6050451643925598,-1.5495215833734117,-1.329860578061984,-1.5904664411438376,0.11154982074602307,82,-1.4903375142812867,-1.561433053725726,-1.561294560216863,-1.5780010097644595,-1.5914629568295044,-1.5908413079293728,-1.5932911475532496,-1.5901468300794748,-1.5696010475474922,0.03240644743452873
1.5507889688014984,0.6878871990887799,0.2622513473033905,0.050101177294220624,0.8300000000000001,{'lasso__alpha': 0.8300000000000001},-1.6815437269060165,-1.5769316665613684,-1.677562667839689,-1.7084515561147937,-1.5968588561917971,-1.6049325649704014,-1.5494160325495596,-1.3298181882843947,-1.5906894074272526,0.11172336591197504,83,-1.4903541878686875,-1.5617438974327336,-1.5615329112804983,-1.578148042633319,-1.5916039549738545,-1.5910493647850417,-1.5934515974131584,-1.590273728373861,-1.5697697105951443,0.032442419484156826
1.5004436373710632,0.5709837973497399,0.2808510959148407,0.06753402115960797,0.8400000000000001,{'lasso__alpha': 0.8400000000000001},-1.6816756639242272,-1.5773707161701866,-1.6781823720676223,-1.7091414211603604,-1.5970410258397596,-1.6048230926535598,-1.5493174572346757,-1.329779559879586,-1.5909164136162472,0.11189675123594016,84,-1.4903710633702363,-1.5620584461024343,-1.5617741144766308,-1.578296843816185,-1.5917466494854455,-1.5912599904854787,-1.5936139756817007,-1.5904021545592655,-1.5699404047471721,0.03247899694752156
1.4659750163555145,0.5657370801602709,0.25180038809776306,0.04584539104852123,0.85,{'lasso__alpha': 0.85},-1.681807711967503,-1.5778195267865014,-1.678807214549742,-1.7098336603524458,-1.5972242491960857,-1.6048220743229202,-1.5492258587603065,-1.3297446931753585,-1.5911606236388578,0.11207157870308682,85,-1.4903881407790738,-1.5623766974970326,-1.562018168484083,-1.578447412812985,-1.5918910399080899,-1.591423340744401,-1.5937782817694415,-1.5905321082655801,-1.570106898782586,0.032512096170296365
1.4526782929897308,0.5464639127915476,0.241822749376297,0.049094394665909626,0.86,{'lasso__alpha': 0.86},-1.6819398710096938,-1.5782780900832731,-1.679437189550729,-1.7105282708085494,-1.5974085258982036,-1.6048406941141684,-1.5491412383640466,-1.3297135884676181,-1.5914109335370354,0.11224642478339922,86,-1.4904054200882606,-1.5626986493542923,-1.5622650719668176,-1.5785997491178527,-1.592037125780356,-1.5915798700410282,-1.5939445150802043,-1.5906635891184233,-1.5702742488184045,0.032545044536686475
1.45330348610878,0.5670134354511016,0.24931463599205017,0.06534781736165586,0.87,{'lasso__alpha': 0.87},-1.6820721410246369,-1.5787464003398533,-1.6800722912974286,-1.7112252496411016,-1.5975938555815927,-1.6048605211297062,-1.549063597189452,-1.3296862460203773,-1.5916650377780186,0.11242100781145253,87,-1.4904229012907733,-1.5630243013066882,-1.5625148235739774,-1.578753852219194,-1.5921849066355585,-1.5917382144415535,-1.594112675011102,-1.5907965967391333,-1.5704435339022476,0.03257855623166695
1.4747936129570007,0.6194015441774355,0.275290846824646,0.06328092803395144,0.88,{'lasso__alpha': 0.88},-1.6822045219861548,-1.5792244475782315,-1.680712513977839,-1.7119245939573995,-1.5977802378798802,-1.6048815553248084,-1.5489929362860038,-1.3296626660657287,-1.5919229341320058,0.11259533255642669,88,-1.490440584379509,-1.5633536500666552,-1.5627674219400791,-1.578909721599698,-1.5923343820017877,-1.591898373404369,-1.5942827609524823,-1.5909311307447735,-1.5706147531361692,0.03261263678627733
1.423667550086975,0.5801898699319824,0.23438230156898499,0.05040457692656262,0.89,{'lasso__alpha': 0.89},-1.682337013868057,-1.5797122217068955,-1.6813578517420036,-1.71262630085959,-1.5979676724246639,-1.604903796651965,-1.5489292566090058,-1.3296428488038452,-1.5921846203332533,0.11276940399653558,89,-1.4904584693472815,-1.563686692419639,-1.5630228656850036,-1.5790673567363107,-1.592485551401851,-1.5920603463817695,-1.5944547722879807,-1.5910671907481648,-1.5707879056260001,0.03264729174911802
1.4462518990039825,0.5958265743377377,0.27166444063186646,0.07478610951177357,0.9,{'lasso__alpha': 0.9},-1.6824696166441386,-1.580070398814392,-1.6820082987025922,-1.713330367444917,-1.598156158845832,-1.6049272450610295,-1.5488725590195225,-1.3296267944029865,-1.5924326798669264,0.1129451239885332,90,-1.4904765561868234,-1.5639319858201,-1.5632811534138,-1.5792267571002725,-1.5926384143534127,-1.592224132820227,-1.5946287083945319,-1.5912047763578219,-1.5709515605558737,0.03268496753041699
1.444971650838852,0.6087761319063699,0.2536408305168152,0.07371081494228038,0.91,{'lasso__alpha': 0.91},-1.6826023302881818,-1.5802420743224397,-1.6826638489344377,-1.7140367908054681,-1.59834569677116,-1.6049519004990842,-1.5488228442843346,-1.3296145029994166,-1.5926599986130654,0.11312321462912996,91,-1.490494844890786,-1.5640541607986165,-1.5635422837171895,-1.5793879221571183,-1.5927929703688524,-1.5923897321601441,-1.5948045686423615,-1.5913438871780898,-1.5711012962391449,0.03272652364168563
1.4168456494808197,0.6525341800659038,0.23700636625289917,0.04877352506704917,0.92,{'lasso__alpha': 0.92},-1.682735154773956,-1.5804159446933836,-1.683138968840682,-1.7147455680285488,-1.5985362858266496,-1.604977762910512,-1.5487801130758814,-1.329605974697519,-1.5928669716058916,0.11328258921046337,92,-1.4905133354517386,-1.5641777503690144,-1.5637698899317964,-1.5795508513666645,-1.5929492189553571,-1.5925571438359818,-1.594982352394991,-1.5914845228089765,-1.5712481331393149,0.03276963688883886
1.3867094218730927,0.5804004066648496,0.26151955127716064,0.056850504520032374,0.93,{'lasso__alpha': 0.93},-1.6828680900752142,-1.5805919336671976,-1.6830079922921648,-1.715456696196468,-1.5987279256363944,-1.605004832236932,-1.5487443659721918,-1.3296012095697143,-1.5930003807057846,0.11338084269124833,93,-1.4905320278621685,-1.5643027197966446,-1.5638798749821194,-1.5797155441830721,-1.5931071596149298,-1.5927263672762324,-1.595162059009338,-1.5916266828462913,-1.5713815544463496,0.032816663077779785
1.3378899097442627,0.5677346084366136,0.23404869437217712,0.05053947376435886,0.9400000000000001,{'lasso__alpha': 0.9400000000000001},-1.683001136165698,-1.5807697724414516,-1.6828784695657715,-1.7161701723867302,-1.598920615822555,-1.605033108417344,-1.5487156034568954,-1.3296002076564464,-1.5931361357391114,0.1134785624824755,94,-1.4905509221144821,-1.5644289415534038,-1.5639910967232906,-1.5798820000548028,-1.5932667918443528,-1.5928974019035438,-1.595343687835556,-1.5917703668816183,-1.5715164011138811,0.03286419734674846
1.3477443158626556,0.5657393952047562,0.24189987778663635,0.059032086282501985,0.9500000000000001,{'lasso__alpha': 0.9500000000000001},-1.683134293019135,-1.5809496455097274,-1.6827502737498123,-1.7168859936721388,-1.599114356005426,-1.6050625913878973,-1.5486938259191487,-1.3296029689662312,-1.5932742435286895,0.11357573227313741,95,-1.4905700182010038,-1.5645565025726784,-1.5641034428285276,-1.5800502184246485,-1.5934281151352312,-1.5930702471344804,-1.5955272382172054,-1.5919155745022755,-1.5716526696270063,0.03291224049065916
1.3977160155773163,0.6050218787750531,0.25957444310188293,0.0889615371502988,0.9600000000000001,{'lasso__alpha': 0.9600000000000001},-1.6832675606092393,-1.5811318880205787,-1.6826234890977025,-1.7176041571206624,-1.5993091458034467,-1.6050932810821303,-1.548679033653614,-1.3296094934756209,-1.5934147561078742,0.11367235477580422,96,-1.4905893161139765,-1.5646855647399627,-1.56421698705724,-1.5802201987297466,-1.5935911289740168,-1.5932449023798014,-1.595712709491188,-1.592062305291398,-1.5717903890971663,0.03296078596275615
1.3573587536811829,0.6411315936069263,0.23408442735671997,0.04951427460644461,0.97,{'lasso__alpha': 0.97},-1.6834009389097109,-1.5813158279845518,-1.6824981781518673,-1.7183246597956034,-1.599504984833109,-1.6051251774308168,-1.548671226860454,-1.3296197811292172,-1.5935575968869162,0.11376844418511398,97,-1.4906088158455613,-1.5648158044602078,-1.5643317853194263,-1.580391940401573,-1.5937558328419434,-1.5934213670443143,-1.5959001009877987,-1.592210558827859,-1.5719295257160855,0.0330098407955193
1.4033295512199402,0.6609429964435111,0.24946612119674683,0.07905242819509896,0.98,{'lasso__alpha': 0.98},-1.6835344278942364,-1.5815018001272667,-1.6823741535781005,-1.719047498755715,-1.5997018727090786,-1.6051582803620208,-1.5486704056453116,-1.3296338318396752,-1.5937027838639257,0.1138639767495753,98,-1.4906285173878377,-1.5649473824394327,-1.5644476691346227,-1.5805654428659777,-1.5939222262151078,-1.5935996405269337,-1.5960894120306812,-1.5923603346863595,-1.5720700781608692,0.033059405424179365
1.3728814721107483,0.5907147771565717,0.24380475282669067,0.04714918507407704,0.99,{'lasso__alpha': 0.99},-1.6836680275364895,-1.5816898037319223,-1.6822515455832145,-1.7197726710550392,-1.5998998090441412,-1.6051925898010906,-1.5486765700192964,-1.3296516454876863,-1.59385033278236,0.11395896444892818,99,-1.4906484207328043,-1.5650802983401049,-1.5645647546070733,-1.5807407055431417,-1.594090308564461,-1.5937797222206667,-1.5962806419369093,-1.5925116324373658,-1.572212060547816,0.03310947643984027
